{
  "xgboost": {
    "learning_rate": 0.02306161966798084,
    "n_estimators": 329,
    "max_depth": 11,
    "min_child_weight": 9,
    "gamma": 1.585813003010489,
    "reg_alpha": 0.002213820137765442,
    "reg_lambda": 0.31335590008359193,
    "subsample": 0.5092107365294242,
    "colsample_bytree": 0.6963264089376027,
    "random_state": 28,
    "n_jobs": -1
  },
  "lightgbm": {
    "learning_rate": 0.009881593423832234,
    "n_estimators": 798,
    "num_leaves": 90,
    "max_depth": 5,
    "min_child_samples": 6,
    "feature_fraction": 0.8145926590071952,
    "bagging_fraction": 0.5596193831904428,
    "lambda_l1": 0.0019362441968461958,
    "lambda_l2": 0.7670045667869266,
    "bagging_freq": 1,
    "random_state": 28,
    "verbose": -1,
    "n_jobs": -1
  },
  "catboost": {
    "learning_rate": 0.04783495412390425,
    "iterations": 773,
    "depth": 5,
    "l2_leaf_reg": 19.978799016620137,
    "random_strength": 1.2283491313375738,
    "bagging_temperature": 1.2325303002213324,
    "loss_function": "RMSE",
    "random_state": 28,
    "verbose": 0
  }
}